id,detector,support,seconds,error
7d68bc90-8b3d-4fb4-89a8-6a0f125e1286,nli,0.000567,1.0144,
6efc393a-ece4-47ec-8ba7-fb3a949a1123,nli,0.002522,0.2503,
3d39df5b-dc6e-4124-86f4-1cd72789f9f1,nli,0.000853,0.245,
a159f705-e3e5-4cc4-bb05-b5f50ea140e6,nli,0.001402,0.3579,
0cb58281-ae66-4b98-9e9e-53c2c1b242bc,nli,0.000555,0.287,
18ab4b0e-048c-406d-aa75-e9ffa1029e38,nli,0.003556,0.3351,
39c7dc77-89fe-4bdf-83a2-dbbb6158d5b7,nli,0.000403,0.2473,
718dd016-af30-4842-8c6c-8a531a51788d,nli,0.000751,0.3113,
23338997-d662-4f1e-9c58-db9e606f69cc,nli,0.000948,0.2974,
aa4a0a92-cc49-421f-a5a7-81f719af955a,nli,0.001069,0.3006,
39b1772e-28ba-44d4-be18-52f24d87bf09,nli,0.003518,0.4458,
b8eae226-0994-45c5-ba8c-3720210d6606,nli,0.000692,0.2376,
853eafe7-2bae-4ba5-adb5-056d1b152d5f,nli,0.000492,0.284,
2c1f1be2-3ecb-4695-b1b8-77cdf514d89d,nli,0.000279,0.4367,
85824081-8228-451e-bdfd-ccf7f2845be7,nli,0.003782,1.0242,
40755691-5970-4b4b-9b75-61905cc25c92,nli,0.000463,0.9744,
708405cf-096e-43b3-baa3-0eeeeec1f135,nli,0.002166,0.2113,
6927db9b-5ecd-4a52-8825-f4cea9c33042,nli,0.002996,0.1952,
89253786-8426-41c3-8de3-f872fb8ad8ad,nli,0.924811,0.2409,
632caee3-20af-4b29-824c-29f1fe6e795c,nli,0.000778,0.8648,
a81ac703-0b94-4b30-8dea-f01fbe39720f,nli,0.006374,0.1707,
38bd5b19-06b7-4e92-b5dc-c09938fa322e,nli,0.001981,0.2476,
880733ae-0060-4327-823d-54df82cbd487,nli,0.008536,0.2417,
55ecf061-868d-4a07-bced-41f971ae1da7,nli,0.000276,0.2666,
66c9f1ed-da27-479c-b911-3f16d30f8110,nli,0.000734,0.1724,
5ba6071d-080f-42e8-93f0-81d2d64935fa,nli,0.00055,0.2674,
cb4949ef-661a-4e0d-89af-fd03ef2a8802,nli,0.001105,0.194,
38767525-0f78-4622-8609-bcba1e40728b,nli,0.001162,0.2967,
9a23e3a2-d1d4-46a7-b5ea-57f45850f0e3,nli,0.002385,0.9025,
bf60aaf7-11d8-4fb4-938c-9eae04393aea,nli,0.029859,0.2328,
8b86fd00-3c04-4b25-b003-6b33615f4fae,nli,0.002512,0.387,
fd03a87a-5be0-415e-8a77-68fdd53652d8,nli,0.071857,0.2652,
71624cc5-fbbd-46f8-8d62-f82d8f955c7b,nli,0.001035,0.9206,
34efda51-da96-4fa7-b295-cea1f5070f3e,nli,0.000829,0.2686,
749f6165-dd38-4ab8-973e-6c70e9131490,nli,0.00173,0.2293,
43a3d918-2f8f-4b24-9f03-a7052902c8a3,nli,0.000196,0.3405,
dec4792b-396c-4b42-b5b7-5357313b5e21,nli,0.029107,0.2135,
f4eb58d7-1f8c-401e-9293-7e1048e1d639,nli,0.673606,0.2124,
a2ea2d15-157c-495e-8078-7634045e0643,nli,0.000956,0.4802,
1a4d3f5d-b386-4120-a008-329e68b7ed11,nli,0.000908,0.9836,
d3fb4c3c-d21b-480a-baa0-98d6d0d17c1d,nli,0.000474,0.2933,
13b0a833-7a21-4d82-b894-22df69413f28,nli,0.00145,0.2861,
64712c5c-b2b2-475e-82db-02e0ceea2016,nli,0.011887,0.2835,
3028fd0b-a28c-4357-b9a6-0599f22acb0e,nli,0.000124,0.3075,
82c5fa37-c885-4ded-8ba4-08212c028fde,nli,0.002386,0.2704,
5b3b919d-6895-43ec-a065-6de13ac56e2f,nli,0.003553,0.2655,
f6453ef5-a88e-4650-a8e8-b1a61eb8ff8a,nli,0.003319,0.2073,
1e81fe2c-cb65-40a1-85e1-cf6e57cb25a2,nli,0.000762,0.2984,
169fab50-e3ff-4551-9ac0-18dd659e4250,nli,0.000304,0.2436,
2fb37b41-5cb1-4cc8-a81b-cd1791b51a48,nli,0.147367,0.1935,
31ba666f-e627-4bce-bdb7-1d092760b34a,nli,6.9e-05,0.364,
12cf63d0-7a22-4278-a04b-f21097cf1e69,nli,0.000394,0.3101,
da34b7a7-5189-41e1-80b6-1ab0bc0b8088,nli,0.001801,0.3509,
c952a52d-9c56-47cf-89a0-8f249a2e4992,nli,0.000343,0.453,
70d8f165-c8f9-4e06-b193-91ca17c6df05,nli,0.000375,0.3575,
382ce603-db05-42d7-8a6a-b6def979ca23,nli,0.000989,0.2259,
a671f704-7f4d-4524-ac36-f099c4e6f3ee,nli,0.001244,0.2355,
6bcc8ce2-8447-4dfe-ad8c-2597782d63cd,nli,0.001431,0.2243,
998621b9-8bbd-43ef-a77d-78a2a6dd69b8,nli,0.001147,0.3848,
5e974684-1e46-4fc2-8523-71845b41626e,nli,0.000582,0.1966,
7ffd22a7-d24f-4cf3-aa1f-011ceb26a1da,nli,0.019316,0.3135,
5595edf6-a416-4542-9d4f-8142a302d456,nli,0.002402,0.3255,
e5aab9fe-011d-4cc2-adeb-d5700922fae9,nli,3.7e-05,0.3209,
eb0619e7-625c-4889-81a2-c73abe0082fa,nli,0.29154,0.2997,
d6c1fa4f-681b-42d0-a715-9d8f0c40e5f1,nli,0.001222,0.3244,
685f6402-8ef0-45e0-a4f0-801047cbfd20,nli,0.000836,0.3165,
45e63a38-81fd-4c4d-8e39-e22e7f231e52,nli,0.004431,0.2738,
eb29dd74-5bee-48e5-b49b-baf3eb79e3b3,nli,0.000188,0.4604,
90fab8ec-b783-4d9a-a048-0fdb5e8ce325,nli,0.001174,0.168,
17f52fd9-807f-4429-804c-0f044cd81319,nli,0.000303,0.4328,
7ab4c625-3a0f-42ba-b2c8-bad1b8c05556,nli,0.035387,0.2,
7efa4c3e-cb74-48dc-a70b-fb658df4c03e,nli,0.002206,0.9174,
c4d45272-60f7-4728-afee-046c622b97f3,nli,0.002205,0.2102,
73dccfbd-0ffa-416f-93f0-f2bc4c1e903d,nli,0.000154,0.2357,
67568761-a7fa-48a7-8c66-401eb023758d,nli,0.015134,0.3493,
40106f12-5a41-4579-8ffb-9e7635adec83,nli,0.036457,0.3402,
d65ebdb3-39ce-4deb-9cd4-de9d3809d0b4,nli,0.000692,0.9881,
9a6b8a94-a504-48b4-9618-cbbe753ffc69,nli,0.003217,0.3167,
7970fc58-d697-47f4-ae28-80f9b3cb9a16,nli,0.00045,0.2996,
75b16e81-72f5-4b96-802d-e232dead8f98,nli,0.000329,0.4623,
financebench_id_08130,nli,0.216292,0.4821,
financebench_id_07585,nli,0.618057,1.0524,
financebench_id_03603,nli,0.130244,1.1054,
financebench_id_00731,nli,0.000296,1.1626,
financebench_id_06974,nli,0.039238,1.205,
financebench_id_02751,nli,0.072475,1.7842,
financebench_id_03231,nli,0.25234,1.1019,
financebench_id_03852,nli,0.013999,0.4793,
financebench_id_08765,nli,0.050702,0.5305,
financebench_id_07471,nli,0.038116,2.1533,
financebench_id_09904,nli,0.087379,1.9265,
financebench_id_00678,nli,0.000839,0.3452,
financebench_id_04444,nli,0.004063,1.1161,
financebench_id_01624,nli,0.00418,0.3461,
financebench_id_04017,nli,0.272473,1.2385,
financebench_id_05034,nli,0.297249,1.1372,
financebench_id_09864,nli,0.625312,0.5484,
financebench_id_06444,nli,0.025844,1.7818,
financebench_id_05185,nli,0.107976,1.0368,
financebench_id_07299,nli,0.047767,0.4572,
financebench_id_07707,nli,0.24379,0.9878,
financebench_id_04750,nli,0.673549,1.6101,
financebench_id_02902,nli,0.894548,0.9401,
financebench_id_06390,nli,0.09047,1.5521,
financebench_id_02978,nli,0.533769,0.5249,
financebench_id_01791,nli,0.014332,0.1658,
financebench_id_09566,nli,0.061215,0.3392,
financebench_id_02170,nli,0.001085,0.1568,
financebench_id_10227,nli,0.296284,1.0639,
financebench_id_00785,nli,0.000506,0.2869,
financebench_id_01440,nli,0.005882,0.1927,
financebench_id_06140,nli,0.053413,1.5737,
financebench_id_06874,nli,0.091919,0.454,
financebench_id_09500,nli,0.082682,0.4091,
financebench_id_09063,nli,0.05764,1.0869,
financebench_id_02038,nli,0.98919,0.1918,
financebench_id_00030,nli,0.04125,0.3417,
financebench_id_03239,nli,0.666347,1.5363,
financebench_id_04199,nli,0.384309,1.6413,
financebench_id_02720,nli,0.098676,1.6111,
financebench_id_04451,nli,0.00705,1.5365,
financebench_id_01117,nli,0.000589,0.1832,
financebench_id_09554,nli,0.015505,1.5537,
financebench_id_01499,nli,0.0069,0.4565,
financebench_id_04972,nli,0.483682,1.0189,
financebench_id_08110,nli,0.446963,1.0177,
financebench_id_03868,nli,0.267869,0.9878,
financebench_id_08236,nli,0.249996,0.985,
financebench_id_01478,nli,0.000594,0.3488,
financebench_id_01702,nli,0.000326,0.1475,
financebench_id_03187,nli,0.064297,0.9997,
financebench_id_04620,nli,0.089065,1.1341,
financebench_id_07559,nli,0.069996,1.6547,
financebench_id_04826,nli,0.041017,0.4419,
financebench_id_05988,nli,0.109591,1.1047,
financebench_id_08050,nli,0.097328,1.1089,
financebench_id_05794,nli,0.004354,1.5869,
financebench_id_08608,nli,0.019555,0.523,
financebench_id_02347,nli,0.000641,0.2865,
financebench_id_08148,nli,0.903965,1.0749,
financebench_id_03394,nli,0.206252,0.4394,
financebench_id_08831,nli,0.069084,0.4029,
financebench_id_00567,nli,0.000364,0.4433,
financebench_id_03236,nli,0.166739,0.4748,
financebench_id_03934,nli,0.032598,0.4109,
financebench_id_05942,nli,0.225514,1.5293,
financebench_id_01359,nli,0.003519,0.1553,
financebench_id_00891,nli,0.113538,0.3102,
financebench_id_06245,nli,0.01354,1.0267,
financebench_id_03656,nli,0.184461,0.4368,
financebench_id_06345,nli,0.071128,0.5269,
financebench_id_05694,nli,0.013112,0.3119,
financebench_id_08565,nli,0.09082,1.1111,
financebench_id_07521,nli,0.191463,2.9593,
financebench_id_10519,nli,0.105987,1.0833,
financebench_id_02765,nli,0.021895,1.0681,
financebench_id_09080,nli,0.022677,1.0949,
financebench_id_02841,nli,0.496605,1.0651,
financebench_id_01958,nli,0.004306,0.1498,
financebench_id_02435,nli,0.002038,2.9587,
12524,nli,0.063413,0.4197,
12555,nli,0.002194,0.6639,
15007,nli,0.453362,0.442,
13041,nli,0.000787,0.6745,
12244,nli,0.028232,0.9584,
15460,nli,0.300014,0.4632,
12554,nli,0.00548,0.6044,
15774,nli,0.000942,0.8917,
15463,nli,0.993259,0.6263,
12622,nli,0.920715,0.8028,
13039,nli,0.987303,0.7666,
11909,nli,0.47884,0.921,
13131,nli,0.00049,0.8489,
16118,nli,0.00114,0.4743,
12216,nli,0.095995,0.5633,
17234,nli,0.958336,0.5939,
16361,nli,0.987439,0.4547,
15711,nli,0.797775,0.7759,
14513,nli,0.987409,0.4674,
15786,nli,0.994968,0.6049,
14099,nli,0.807308,0.5292,
13207,nli,0.881719,0.7814,
13467,nli,0.000122,0.8922,
14714,nli,0.988911,0.514,
13720,nli,0.902066,1.7797,
14368,nli,0.000275,1.9101,
12448,nli,0.931832,0.9799,
13534,nli,0.912171,0.6118,
16636,nli,0.992572,0.7809,
17056,nli,0.058685,1.7602,
14294,nli,0.00088,0.7046,
14289,nli,0.000842,0.9962,
12067,nli,0.990701,0.6198,
14689,nli,0.992621,1.7116,
15966,nli,0.127512,0.7348,
14095,nli,0.960184,0.6934,
16907,nli,0.001623,0.7742,
16662,nli,0.992662,0.4945,
14008,nli,0.001153,0.8859,
15462,nli,0.969395,0.8694,
13042,nli,0.000806,0.9774,
13376,nli,0.013597,0.884,
16155,nli,0.365734,0.5095,
16898,nli,0.453788,0.9799,
14133,nli,0.911985,0.7617,
15273,nli,6.8e-05,0.6261,
15971,nli,0.000386,0.9459,
15011,nli,0.001382,0.6728,
15465,nli,0.003793,0.9963,
13107,nli,0.00278,1.7475,
16511,nli,0.007182,0.9577,
14378,nli,0.995324,0.8831,
13363,nli,0.003931,0.5624,
15129,nli,0.000309,1.2414,
13105,nli,0.001096,1.2533,
14859,nli,0.001665,0.672,
16798,nli,0.002314,0.4781,
12692,nli,0.000715,0.5506,
14765,nli,0.028395,0.6925,
16421,nli,0.017799,0.7578,
13469,nli,0.000974,0.6022,
15716,nli,0.992994,0.4211,
14381,nli,0.001126,0.6302,
12262,nli,0.000386,0.6877,
13442,nli,0.978652,0.5595,
12460,nli,0.982156,0.689,
12471,nli,0.99236,1.3563,
17104,nli,0.002034,1.3591,
17283,nli,0.715251,1.2542,
14135,nli,0.363209,0.4898,
14692,nli,0.147612,1.266,
13263,nli,0.003166,0.5806,
12459,nli,4.2e-05,0.5318,
14097,nli,0.022357,0.4824,
16797,nli,0.001714,0.4612,
14284,nli,0.002631,1.0088,
13070,nli,0.00615,0.648,
13210,nli,0.005878,0.6258,
14846,nli,0.008343,0.6185,
16851,nli,0.009138,0.6188,
covidqa-24,nli,0.414961,1.374,
covidqa-2001,nli,0.676173,1.3597,
covidqa-1991,nli,0.001174,1.4138,
covidqa-466,nli,0.982381,1.8781,
covidqa-1997,nli,0.141827,1.3224,
covidqa-626,nli,0.866882,2.3241,
covidqa-632,nli,0.002672,2.3084,
covidqa-182,nli,0.092782,1.3562,
covidqa-460,nli,0.00665,1.6657,
covidqa-1505,nli,0.03492,2.3472,
covidqa-612,nli,0.012182,2.3232,
covidqa-1826,nli,0.001754,2.712,
covidqa-1816,nli,0.001572,3.4957,
covidqa-38,nli,0.002381,2.5222,
covidqa-83,nli,0.005816,1.9105,
covidqa-1846,nli,0.006835,3.2166,
covidqa-2002,nli,0.008813,2.0527,
covidqa-1516,nli,0.001061,3.2763,
covidqa-637,nli,0.010805,3.8488,
covidqa-1833,nli,0.001225,3.4506,
covidqa-35,nli,0.003995,2.7283,
covidqa-635,nli,0.030653,3.6353,
covidqa-1811,nli,0.00144,3.6488,
covidqa-467,nli,0.959477,3.4749,
covidqa-34,nli,0.007234,2.6834,
covidqa-1999,nli,0.007666,2.7173,
covidqa-630,nli,0.002312,3.5193,
covidqa-468,nli,0.98365,3.1243,
covidqa-1988,nli,0.002062,1.9296,
covidqa-373,nli,0.000937,2.4499,
covidqa-622,nli,0.4059,3.5562,
covidqa-1843,nli,0.001349,3.5872,
covidqa-1512,nli,0.007219,3.5274,
covidqa-1990,nli,0.002115,1.9525,
covidqa-621,nli,0.010591,3.4261,
covidqa-614,nli,0.003964,3.388,
covidqa-1852,nli,0.002734,3.3834,
covidqa-1986,nli,0.00389,1.9305,
covidqa-1829,nli,0.001453,3.3423,
covidqa-628,nli,0.997705,3.8797,
covidqa-298-perturbed,nli,0.001738,2.7475,
covidqa-614-perturbed,nli,0.003665,3.3403,
covidqa-1997-perturbed,nli,0.462088,1.9921,
covidqa-84-perturbed,nli,0.022074,1.9513,
covidqa-1854-perturbed,nli,0.000734,2.758,
covidqa-1846-perturbed,nli,0.002577,3.3522,
covidqa-632-perturbed,nli,0.001834,3.491,
covidqa-1832-perturbed,nli,0.001701,3.3418,
covidqa-83-perturbed,nli,0.005161,1.8509,
covidqa-1844-perturbed,nli,0.002182,3.3145,
covidqa-624-perturbed,nli,0.008783,3.2797,
covidqa-1815-perturbed,nli,0.000652,3.3673,
covidqa-1986-perturbed,nli,0.003714,1.9358,
covidqa-464-perturbed,nli,0.113093,2.8045,
covidqa-616-perturbed,nli,0.082429,3.0695,
covidqa-1836-perturbed,nli,0.001676,2.7523,
covidqa-627-perturbed,nli,0.020764,2.6918,
covidqa-1507-perturbed,nli,0.070049,3.5178,
covidqa-1988-perturbed,nli,0.001898,1.9883,
covidqa-1838-perturbed,nli,0.001543,3.7193,
covidqa-181-perturbed,nli,0.000735,1.924,
covidqa-1843-perturbed,nli,0.001327,3.5608,
covidqa-637-perturbed,nli,0.003385,4.033,
covidqa-461-perturbed,nli,0.008926,2.2974,
covidqa-636-perturbed,nli,0.480998,3.8914,
covidqa-1850-perturbed,nli,0.002271,3.4989,
covidqa-462-perturbed,nli,0.005072,2.2829,
covidqa-1979-perturbed,nli,0.002197,1.8721,
covidqa-1461-perturbed,nli,0.00157,2.6211,
covidqa-1822-perturbed,nli,0.006753,3.4174,
covidqa-1845-perturbed,nli,0.006104,3.5458,
covidqa-1992-perturbed,nli,0.004183,1.9514,
covidqa-612-perturbed,nli,0.023034,3.3819,
covidqa-1808-perturbed,nli,0.002882,3.6017,
covidqa-34-perturbed,nli,0.003733,2.6957,
covidqa-631-perturbed,nli,0.031017,3.8913,
covidqa-1510-perturbed,nli,0.027236,4.0353,
covidqa-1960-perturbed,nli,0.007536,1.3132,
covidqa-625-perturbed,nli,0.005729,3.7436,
covidqa-1841-perturbed,nli,0.00254,3.2998,
halueval-6999,nli,0.984866,0.3415,
halueval-1150,nli,0.053164,0.2739,
halueval-1459,nli,0.000752,0.3157,
halueval-4225,nli,0.027968,0.2218,
halueval-2440,nli,0.003743,0.2413,
halueval-2837,nli,0.980125,0.2793,
halueval-1272,nli,0.984184,0.2167,
halueval-5775,nli,0.070936,0.2962,
halueval-3405,nli,0.43051,0.2382,
halueval-5688,nli,0.994968,0.194,
halueval-1290,nli,0.002603,0.214,
halueval-4117,nli,0.020016,0.2225,
halueval-7336,nli,0.000305,0.2471,
halueval-5070,nli,0.875986,0.2677,
halueval-904,nli,0.006242,0.2699,
halueval-6887,nli,0.007579,0.2296,
halueval-6087,nli,0.990549,0.1955,
halueval-3469,nli,0.040193,0.2083,
halueval-4816,nli,0.200082,0.2641,
halueval-2844,nli,0.980307,0.2745,
halueval-4231,nli,0.959904,0.2524,
halueval-5931,nli,0.943665,0.2289,
halueval-3030,nli,0.947563,0.2302,
halueval-3921,nli,0.996048,0.2241,
halueval-253,nli,0.066451,0.2488,
halueval-3900,nli,0.957886,0.2383,
halueval-2849,nli,0.995494,0.2349,
halueval-2402,nli,0.000632,0.2178,
halueval-591,nli,0.814003,0.205,
halueval-1698,nli,0.981495,0.2591,
halueval-4700,nli,0.994526,0.2508,
halueval-5557,nli,0.95227,0.2149,
halueval-1642,nli,0.035635,0.217,
halueval-8801,nli,0.967394,0.2047,
halueval-7590,nli,0.064923,0.2064,
halueval-5420,nli,0.000848,0.2464,
halueval-9812,nli,0.802203,0.2257,
halueval-9332,nli,9e-05,0.2089,
halueval-3557,nli,0.000858,0.2384,
halueval-8690,nli,0.000659,0.2281,
halueval-7537,nli,0.00248,0.2113,
halueval-6013,nli,0.003626,0.3071,
halueval-8570,nli,0.977321,0.2919,
halueval-8083,nli,0.000134,0.2183,
halueval-9576,nli,0.914278,0.2962,
halueval-7714,nli,0.886948,0.3377,
halueval-2362,nli,9.8e-05,0.2346,
halueval-6915,nli,0.000263,0.2486,
halueval-7816,nli,1.9e-05,0.2062,
halueval-2085,nli,0.003863,0.2534,
halueval-7407,nli,0.67377,0.2567,
halueval-9007,nli,0.000175,0.2391,
halueval-7578,nli,0.000406,0.2725,
halueval-8372,nli,0.997248,0.2672,
halueval-9060,nli,0.000413,0.2446,
halueval-4997,nli,0.000319,0.2572,
halueval-5492,nli,2.5e-05,0.2994,
halueval-5018,nli,0.996078,0.2815,
halueval-4127,nli,0.000257,0.2297,
halueval-1138,nli,0.001002,0.2525,
halueval-699,nli,0.3481,0.2113,
halueval-4629,nli,0.000867,0.2781,
halueval-7750,nli,0.000127,0.1981,
halueval-7035,nli,0.898614,0.2029,
halueval-3935,nli,0.975578,0.2659,
halueval-5172,nli,0.986753,0.2324,
halueval-3262,nli,0.000754,0.2659,
halueval-291,nli,0.001111,0.2754,
halueval-3132,nli,5.3e-05,0.21,
halueval-8696,nli,5.2e-05,0.3353,
halueval-6069,nli,0.320486,0.2024,
halueval-7882,nli,0.99564,0.2383,
halueval-2977,nli,0.949906,0.2488,
halueval-8082,nli,0.000133,0.2341,
halueval-3870,nli,0.000539,0.3072,
halueval-4309,nli,0.000122,0.2314,
halueval-5851,nli,0.000862,0.247,
halueval-2940,nli,0.998057,0.3023,
halueval-6910,nli,0.924498,0.2719,
halueval-2550,nli,0.00014,0.233,
25985014,nli,0.000227,0.5472,
15922431,nli,0.000167,0.6798,
25168472,nli,0.000997,0.4314,
20543553,nli,0.003188,0.4676,
25389071,nli,0.001047,0.7324,
24684514,nli,0.001413,0.5439,
23539241,nli,0.000458,0.6569,
10632523,nli,0.000552,0.6112,
8916748,nli,0.000269,0.5419,
27433903,nli,0.000188,0.6148,
25520328,nli,0.000276,0.7765,
25972929,nli,0.00016,0.5579,
23432491,nli,0.000748,0.5435,
12438463,nli,0.000206,0.5479,
24852606,nli,0.001146,0.7904,
12665491,nli,0.000582,0.6779,
27287412,nli,0.001091,0.6037,
17276801,nli,0.000644,0.8566,
27832831,nli,0.000294,0.9159,
20657867,nli,0.000222,0.6125,
25244167,nli,0.000454,0.4337,
21750159,nli,0.000916,0.6924,
27562865,nli,0.000538,0.67,
25166298,nli,0.000356,0.6072,
24118071,nli,0.001164,0.535,
16500770,nli,0.000521,0.4064,
20853437,nli,0.000206,0.5892,
16151723,nli,0.000172,0.5965,
23908246,nli,0.000144,0.5718,
25512478,nli,0.00111,0.7233,
22576962,nli,0.000227,0.6053,
10985887,nli,0.00031,0.6628,
21519010,nli,0.000327,0.597,
23726316,nli,1.7e-05,0.6175,
19468252,nli,0.000229,0.4588,
21705369,nli,0.000987,0.6658,
23396543,nli,0.000187,0.4316,
26683568,nli,0.028244,0.5437,
27122334,nli,0.094665,0.5351,
17109070,nli,0.000378,0.7651,
25394614,nli,4.7e-05,0.5338,
19884690,nli,0.000171,0.4947,
21900017,nli,0.000246,1.4201,
19023201,nli,0.00022,0.3977,
25060807,nli,0.022095,0.7986,
22186742,nli,0.001457,0.4477,
23548791,nli,0.001481,0.6059,
21458864,nli,0.015449,1.6621,
22236315,nli,0.000222,0.4737,
26241525,nli,0.00081,0.6847,
25601894,nli,0.002131,0.7198,
22015557,nli,0.000212,0.4496,
23720114,nli,0.000399,0.4075,
15547086,nli,0.000119,0.5193,
22914544,nli,0.000332,0.5874,
27863293,nli,0.001013,0.5713,
22843878,nli,2.9e-05,0.4047,
22758782,nli,0.002279,0.5685,
11296674,nli,0.000133,0.2518,
15168812,nli,0.000928,0.4681,
20976104,nli,0.000263,0.3829,
23536185,nli,0.979702,0.2284,
18592788,nli,0.083023,0.5895,
17390095,nli,0.000224,0.4411,
11319879,nli,8.6e-05,0.5981,
22309212,nli,0.004968,0.5801,
22804760,nli,0.000351,0.5055,
23236848,nli,0.000733,0.52,
20117066,nli,9.9e-05,0.6135,
22790511,nli,9.5e-05,0.5044,
10378546,nli,0.000302,0.7032,
18222259,nli,0.00084,0.4713,
26895708,nli,0.00047,0.507,
22223149,nli,0.000437,0.8303,
19606226,nli,0.000404,0.5706,
21425514,nli,0.00023,0.6448,
10565749,nli,0.000304,0.5923,
25062768,nli,0.000303,0.6361,
27542917,nli,0.000244,0.4793,
24910406,nli,0.000531,0.3337,
7d68bc90-8b3d-4fb4-89a8-6a0f125e1286,minicheck,0.020004,2.2334,
6efc393a-ece4-47ec-8ba7-fb3a949a1123,minicheck,0.449749,0.4538,
3d39df5b-dc6e-4124-86f4-1cd72789f9f1,minicheck,0.027438,0.4577,
a159f705-e3e5-4cc4-bb05-b5f50ea140e6,minicheck,0.114193,1.0313,
0cb58281-ae66-4b98-9e9e-53c2c1b242bc,minicheck,0.148128,0.8718,
18ab4b0e-048c-406d-aa75-e9ffa1029e38,minicheck,0.467744,0.9996,
39c7dc77-89fe-4bdf-83a2-dbbb6158d5b7,minicheck,0.504801,0.7064,
718dd016-af30-4842-8c6c-8a531a51788d,minicheck,0.005853,0.869,
23338997-d662-4f1e-9c58-db9e606f69cc,minicheck,0.272853,0.8498,
aa4a0a92-cc49-421f-a5a7-81f719af955a,minicheck,0.005415,0.8616,
39b1772e-28ba-44d4-be18-52f24d87bf09,minicheck,0.044073,1.2297,
b8eae226-0994-45c5-ba8c-3720210d6606,minicheck,0.073614,0.6379,
853eafe7-2bae-4ba5-adb5-056d1b152d5f,minicheck,0.016391,0.799,
2c1f1be2-3ecb-4695-b1b8-77cdf514d89d,minicheck,0.01006,1.0845,
85824081-8228-451e-bdfd-ccf7f2845be7,minicheck,0.491059,2.5452,
40755691-5970-4b4b-9b75-61905cc25c92,minicheck,0.107616,2.66,
708405cf-096e-43b3-baa3-0eeeeec1f135,minicheck,0.173056,0.4959,
6927db9b-5ecd-4a52-8825-f4cea9c33042,minicheck,0.291979,0.4524,
89253786-8426-41c3-8de3-f872fb8ad8ad,minicheck,0.210795,0.7106,
632caee3-20af-4b29-824c-29f1fe6e795c,minicheck,0.025798,2.3977,
a81ac703-0b94-4b30-8dea-f01fbe39720f,minicheck,0.036663,0.4628,
38bd5b19-06b7-4e92-b5dc-c09938fa322e,minicheck,0.066298,0.7008,
880733ae-0060-4327-823d-54df82cbd487,minicheck,0.433596,0.7132,
55ecf061-868d-4a07-bced-41f971ae1da7,minicheck,0.084848,0.8052,
66c9f1ed-da27-479c-b911-3f16d30f8110,minicheck,0.02085,0.4618,
5ba6071d-080f-42e8-93f0-81d2d64935fa,minicheck,0.235658,0.8181,
cb4949ef-661a-4e0d-89af-fd03ef2a8802,minicheck,0.104897,0.5529,
38767525-0f78-4622-8609-bcba1e40728b,minicheck,0.043884,0.9685,
9a23e3a2-d1d4-46a7-b5ea-57f45850f0e3,minicheck,0.011919,2.5182,
bf60aaf7-11d8-4fb4-938c-9eae04393aea,minicheck,0.741987,0.6292,
8b86fd00-3c04-4b25-b003-6b33615f4fae,minicheck,0.115038,1.1571,
fd03a87a-5be0-415e-8a77-68fdd53652d8,minicheck,0.010394,0.7691,
71624cc5-fbbd-46f8-8d62-f82d8f955c7b,minicheck,0.433746,2.537,
34efda51-da96-4fa7-b295-cea1f5070f3e,minicheck,0.019054,0.7009,
749f6165-dd38-4ab8-973e-6c70e9131490,minicheck,0.032381,0.6774,
43a3d918-2f8f-4b24-9f03-a7052902c8a3,minicheck,0.983585,0.7893,
dec4792b-396c-4b42-b5b7-5357313b5e21,minicheck,0.123698,0.5321,
f4eb58d7-1f8c-401e-9293-7e1048e1d639,minicheck,0.229757,0.546,
a2ea2d15-157c-495e-8078-7634045e0643,minicheck,0.034384,1.2818,
1a4d3f5d-b386-4120-a008-329e68b7ed11,minicheck,0.261637,2.3976,
d3fb4c3c-d21b-480a-baa0-98d6d0d17c1d,minicheck,0.011323,0.8445,
13b0a833-7a21-4d82-b894-22df69413f28,minicheck,0.073074,0.8231,
64712c5c-b2b2-475e-82db-02e0ceea2016,minicheck,0.383751,0.8326,
3028fd0b-a28c-4357-b9a6-0599f22acb0e,minicheck,0.008928,0.9462,
82c5fa37-c885-4ded-8ba4-08212c028fde,minicheck,0.045169,0.8108,
5b3b919d-6895-43ec-a065-6de13ac56e2f,minicheck,0.313335,0.7847,
f6453ef5-a88e-4650-a8e8-b1a61eb8ff8a,minicheck,0.022748,0.6021,
1e81fe2c-cb65-40a1-85e1-cf6e57cb25a2,minicheck,0.79939,0.9387,
169fab50-e3ff-4551-9ac0-18dd659e4250,minicheck,0.882384,0.7447,
2fb37b41-5cb1-4cc8-a81b-cd1791b51a48,minicheck,0.071196,0.5476,
31ba666f-e627-4bce-bdb7-1d092760b34a,minicheck,0.246203,1.0685,
12cf63d0-7a22-4278-a04b-f21097cf1e69,minicheck,0.016845,0.8726,
da34b7a7-5189-41e1-80b6-1ab0bc0b8088,minicheck,0.582664,1.0532,
c952a52d-9c56-47cf-89a0-8f249a2e4992,minicheck,0.029434,1.12,
70d8f165-c8f9-4e06-b193-91ca17c6df05,minicheck,0.030369,1.043,
382ce603-db05-42d7-8a6a-b6def979ca23,minicheck,0.024607,0.6973,
a671f704-7f4d-4524-ac36-f099c4e6f3ee,minicheck,0.642175,0.7207,
6bcc8ce2-8447-4dfe-ad8c-2597782d63cd,minicheck,0.007716,0.7002,
998621b9-8bbd-43ef-a77d-78a2a6dd69b8,minicheck,0.157579,1.1343,
5e974684-1e46-4fc2-8523-71845b41626e,minicheck,0.321224,0.5523,
7ffd22a7-d24f-4cf3-aa1f-011ceb26a1da,minicheck,0.204536,1.0083,
5595edf6-a416-4542-9d4f-8142a302d456,minicheck,0.347274,1.0029,
e5aab9fe-011d-4cc2-adeb-d5700922fae9,minicheck,0.521677,1.0509,
eb0619e7-625c-4889-81a2-c73abe0082fa,minicheck,0.276821,0.8685,
d6c1fa4f-681b-42d0-a715-9d8f0c40e5f1,minicheck,0.025436,0.8763,
685f6402-8ef0-45e0-a4f0-801047cbfd20,minicheck,0.239041,0.884,
45e63a38-81fd-4c4d-8e39-e22e7f231e52,minicheck,0.007635,0.7659,
eb29dd74-5bee-48e5-b49b-baf3eb79e3b3,minicheck,0.283498,1.0455,
90fab8ec-b783-4d9a-a048-0fdb5e8ce325,minicheck,0.050486,0.4698,
17f52fd9-807f-4429-804c-0f044cd81319,minicheck,0.047303,1.2242,
7ab4c625-3a0f-42ba-b2c8-bad1b8c05556,minicheck,0.049857,0.559,
7efa4c3e-cb74-48dc-a70b-fb658df4c03e,minicheck,0.031321,2.6469,
c4d45272-60f7-4728-afee-046c622b97f3,minicheck,0.014896,0.5385,
73dccfbd-0ffa-416f-93f0-f2bc4c1e903d,minicheck,0.199537,0.6525,
67568761-a7fa-48a7-8c66-401eb023758d,minicheck,0.014746,0.9031,
40106f12-5a41-4579-8ffb-9e7635adec83,minicheck,0.625019,0.9006,
d65ebdb3-39ce-4deb-9cd4-de9d3809d0b4,minicheck,0.102691,2.5186,
9a6b8a94-a504-48b4-9618-cbbe753ffc69,minicheck,0.015762,0.822,
7970fc58-d697-47f4-ae28-80f9b3cb9a16,minicheck,0.266828,0.7178,
75b16e81-72f5-4b96-802d-e232dead8f98,minicheck,0.175587,1.2882,
financebench_id_08130,minicheck,0.005803,1.2414,
financebench_id_07585,minicheck,0.084647,2.6395,
financebench_id_03603,minicheck,0.076207,2.5353,
financebench_id_00731,minicheck,0.007269,5.2882,
financebench_id_06974,minicheck,0.079541,4.2373,
financebench_id_02751,minicheck,0.02069,4.1581,
financebench_id_03231,minicheck,0.016438,2.669,
financebench_id_03852,minicheck,0.010411,1.3598,
financebench_id_08765,minicheck,0.013447,2.8312,
financebench_id_07471,minicheck,0.013717,5.3936,
financebench_id_09904,minicheck,0.045337,4.2626,
financebench_id_00678,minicheck,0.006468,2.819,
financebench_id_04444,minicheck,0.048705,2.8291,
financebench_id_01624,minicheck,0.393827,0.9222,
financebench_id_04017,minicheck,0.286618,3.0323,
financebench_id_05034,minicheck,0.056259,3.0097,
financebench_id_09864,minicheck,0.023956,2.767,
financebench_id_06444,minicheck,0.04313,4.2496,
financebench_id_05185,minicheck,0.013959,2.7156,
financebench_id_07299,minicheck,0.020514,1.2272,
financebench_id_07707,minicheck,0.011048,2.5893,
financebench_id_04750,minicheck,0.01741,4.0786,
financebench_id_02902,minicheck,0.428132,2.6721,
financebench_id_06390,minicheck,0.015125,4.2674,
financebench_id_02978,minicheck,0.014658,1.4841,
financebench_id_01791,minicheck,0.391838,0.4253,
financebench_id_09566,minicheck,0.005755,1.022,
financebench_id_02170,minicheck,0.023668,0.4047,
financebench_id_10227,minicheck,0.160815,2.9072,
financebench_id_00785,minicheck,0.005064,1.4195,
financebench_id_01440,minicheck,0.024832,0.5666,
financebench_id_06140,minicheck,0.02278,5.3956,
financebench_id_06874,minicheck,0.010385,1.3632,
financebench_id_09500,minicheck,0.007314,1.2357,
financebench_id_09063,minicheck,0.049438,2.7997,
financebench_id_02038,minicheck,0.787549,0.5648,
financebench_id_00030,minicheck,0.012565,1.1461,
financebench_id_03239,minicheck,0.012865,4.1214,
financebench_id_04199,minicheck,0.098066,4.2427,
financebench_id_02720,minicheck,0.047078,5.5076,
financebench_id_04451,minicheck,0.079859,4.1799,
financebench_id_01117,minicheck,0.044561,0.3995,
financebench_id_09554,minicheck,0.025873,4.0936,
financebench_id_01499,minicheck,0.240458,2.6519,
financebench_id_04972,minicheck,0.032439,3.8774,
financebench_id_08110,minicheck,0.075566,2.7274,
financebench_id_03868,minicheck,0.018109,2.5805,
financebench_id_08236,minicheck,0.011378,2.74,
financebench_id_01478,minicheck,0.041794,1.0789,
financebench_id_01702,minicheck,0.0601,0.3847,
financebench_id_03187,minicheck,0.010676,2.7547,
financebench_id_04620,minicheck,0.118376,2.7388,
financebench_id_07559,minicheck,0.02954,4.0568,
financebench_id_04826,minicheck,0.009917,1.3131,
financebench_id_05988,minicheck,0.039526,2.8106,
financebench_id_08050,minicheck,0.116,4.2903,
financebench_id_05794,minicheck,0.015742,4.1503,
financebench_id_08608,minicheck,0.022794,2.6416,
financebench_id_02347,minicheck,0.02589,0.9807,
financebench_id_08148,minicheck,0.037151,2.9126,
financebench_id_03394,minicheck,0.009024,1.3173,
financebench_id_08831,minicheck,0.007927,1.2823,
financebench_id_00567,minicheck,0.00633,2.5484,
financebench_id_03236,minicheck,0.016214,2.6307,
financebench_id_03934,minicheck,0.006079,1.2712,
financebench_id_05942,minicheck,0.018031,3.9962,
financebench_id_01359,minicheck,0.052898,0.4779,
financebench_id_00891,minicheck,0.060157,1.044,
financebench_id_06245,minicheck,0.031477,2.7353,
financebench_id_03656,minicheck,0.011833,1.3416,
financebench_id_06345,minicheck,0.007848,2.7464,
financebench_id_05694,minicheck,0.009846,0.9571,
financebench_id_08565,minicheck,0.044116,2.763,
financebench_id_07521,minicheck,0.102829,6.9338,
financebench_id_10519,minicheck,0.04372,2.8434,
financebench_id_02765,minicheck,0.020329,2.826,
financebench_id_09080,minicheck,0.059853,2.824,
financebench_id_02841,minicheck,0.054598,2.6787,
financebench_id_01958,minicheck,0.229714,0.375,
financebench_id_02435,minicheck,0.116605,6.7621,
12524,minicheck,0.450101,2.8757,
12555,minicheck,0.194935,7.19,
15007,minicheck,0.702921,3.097,
13041,minicheck,0.041113,37.5767,
12244,minicheck,0.100373,14.8262,
15460,minicheck,0.491375,3.03,
12554,minicheck,0.655217,3.7913,
15774,minicheck,0.711471,6.822,
15463,minicheck,0.482157,4.444,
12622,minicheck,0.311766,7.4088,
13039,minicheck,0.66599,5.5312,
11909,minicheck,0.268714,6.0768,
13131,minicheck,0.062648,15.1716,
16118,minicheck,0.509926,2.3844,
12216,minicheck,0.681365,4.4724,
17234,minicheck,0.362545,4.1942,
16361,minicheck,0.11567,2.3059,
15711,minicheck,0.392676,4.127,
14513,minicheck,0.106061,2.2888,
15786,minicheck,0.649266,4.6296,
14099,minicheck,0.528852,5.8219,
13207,minicheck,0.31287,1.4495,
13467,minicheck,0.188026,8.3243,
14714,minicheck,0.453464,1.1226,
13720,minicheck,0.347714,31.9089,
14368,minicheck,0.105103,35.0333,
12448,minicheck,0.215087,16.4098,
13534,minicheck,0.192978,6.3261,
16636,minicheck,0.165219,20.2176,
17056,minicheck,0.482965,8.4227,
14294,minicheck,0.123745,3.2666,
14289,minicheck,0.048677,20.1199,
12067,minicheck,0.671662,2.9561,
14689,minicheck,0.112271,10.5222,
15966,minicheck,0.926441,1.5465,
14095,minicheck,0.198398,13.1372,
16907,minicheck,0.479348,10.6673,
16662,minicheck,0.256572,3.558,
14008,minicheck,0.004215,12.8259,
15462,minicheck,0.632756,3.5971,
13042,minicheck,0.033035,66.1349,
13376,minicheck,0.073841,17.5374,
16155,minicheck,0.029859,2.8894,
16898,minicheck,0.055613,21.9964,
14133,minicheck,0.05337,9.0032,
15273,minicheck,0.038631,9.2857,
15971,minicheck,0.019061,8.3871,
15011,minicheck,0.180332,4.9859,
15465,minicheck,0.020451,15.7814,
13107,minicheck,0.021638,58.0908,
16511,minicheck,0.00516,14.652,
14378,minicheck,0.004369,15.7406,
13363,minicheck,0.097915,19.6002,
15129,minicheck,0.025921,32.6029,
13105,minicheck,0.016994,52.6621,
14859,minicheck,0.017559,15.645,
16798,minicheck,0.018594,11.0362,
12692,minicheck,0.045602,4.9428,
14765,minicheck,0.14873,13.0856,
16421,minicheck,0.004886,26.438,
13469,minicheck,0.01712,5.9452,
15716,minicheck,0.579165,3.9983,
14381,minicheck,0.007433,14.7394,
12262,minicheck,0.0208,25.114,
13442,minicheck,0.528422,3.816,
12460,minicheck,0.00336,12.7983,
12471,minicheck,0.159515,95.4716,
17104,minicheck,0.034213,27.6582,
17283,minicheck,0.150472,13.8361,
14135,minicheck,0.113735,11.1963,
14692,minicheck,0.026616,41.0868,
13263,minicheck,0.083511,7.7194,
12459,minicheck,0.007264,12.4572,
14097,minicheck,0.026695,11.6401,
16797,minicheck,0.017442,11.8038,
14284,minicheck,0.093409,7.8915,
13070,minicheck,0.098211,14.1746,
13210,minicheck,0.036297,5.6897,
14846,minicheck,0.05776,46.1147,
16851,minicheck,0.021531,22.281,
covidqa-24,minicheck,0.881509,3.8095,
covidqa-2001,minicheck,0.988343,3.8019,
covidqa-1991,minicheck,0.876367,4.0176,
covidqa-466,minicheck,0.873614,4.9305,
covidqa-1997,minicheck,0.947915,4.0323,
covidqa-626,minicheck,0.976946,7.0041,
covidqa-632,minicheck,0.956658,13.2208,
covidqa-182,minicheck,0.988289,3.7099,
covidqa-460,minicheck,0.941523,4.4208,
covidqa-1505,minicheck,0.984913,6.2351,
covidqa-612,minicheck,0.988578,6.4561,
covidqa-1826,minicheck,0.985774,7.9846,
covidqa-1816,minicheck,0.967872,8.0809,
covidqa-38,minicheck,0.991114,4.8589,
covidqa-83,minicheck,0.968535,3.688,
covidqa-1846,minicheck,0.981145,8.1541,
covidqa-2002,minicheck,0.986653,4.0144,
covidqa-1516,minicheck,0.98872,6.4147,
covidqa-637,minicheck,0.59797,13.5244,
covidqa-1833,minicheck,0.985069,7.8998,
covidqa-35,minicheck,0.985813,5.0376,
covidqa-635,minicheck,0.976822,7.0338,
covidqa-1811,minicheck,0.986354,15.3603,
covidqa-467,minicheck,0.914006,5.935,
covidqa-34,minicheck,0.987436,4.9039,
covidqa-1999,minicheck,0.974338,3.8525,
covidqa-630,minicheck,0.96037,6.7184,
covidqa-468,minicheck,0.885548,5.2298,
covidqa-1988,minicheck,0.983081,4.0625,
covidqa-373,minicheck,0.989307,4.9682,
covidqa-622,minicheck,0.984642,6.7496,
covidqa-1843,minicheck,0.985591,7.869,
covidqa-1512,minicheck,0.358974,6.4722,
covidqa-1990,minicheck,0.951851,3.9683,
covidqa-621,minicheck,0.843199,6.6767,
covidqa-614,minicheck,0.988102,4.9651,
covidqa-1852,minicheck,0.989261,4.9316,
covidqa-1986,minicheck,0.988135,3.7752,
covidqa-1829,minicheck,0.988925,7.3088,
covidqa-628,minicheck,0.718049,6.9754,
covidqa-298-perturbed,minicheck,0.519387,4.6889,
covidqa-614-perturbed,minicheck,0.015599,6.3832,
covidqa-1997-perturbed,minicheck,0.216329,3.995,
covidqa-84-perturbed,minicheck,0.194984,3.7541,
covidqa-1854-perturbed,minicheck,0.052851,6.4339,
covidqa-1846-perturbed,minicheck,0.137699,7.8821,
covidqa-632-perturbed,minicheck,0.049693,6.3856,
covidqa-1832-perturbed,minicheck,0.238402,7.3542,
covidqa-83-perturbed,minicheck,0.172855,3.586,
covidqa-1844-perturbed,minicheck,0.071812,7.4285,
covidqa-624-perturbed,minicheck,0.258094,6.0741,
covidqa-1815-perturbed,minicheck,0.89436,7.5869,
covidqa-1986-perturbed,minicheck,0.987506,3.9094,
covidqa-464-perturbed,minicheck,0.333495,4.6696,
covidqa-616-perturbed,minicheck,0.073695,6.5139,
covidqa-1836-perturbed,minicheck,0.937878,8.4623,
covidqa-627-perturbed,minicheck,0.398019,6.644,
covidqa-1507-perturbed,minicheck,0.105921,6.2407,
covidqa-1988-perturbed,minicheck,0.011132,4.0166,
covidqa-1838-perturbed,minicheck,0.060702,7.9301,
covidqa-181-perturbed,minicheck,0.028714,3.5646,
covidqa-1843-perturbed,minicheck,0.198458,7.8497,
covidqa-637-perturbed,minicheck,0.158832,12.9227,
covidqa-461-perturbed,minicheck,0.016216,4.2746,
covidqa-636-perturbed,minicheck,0.082292,12.8078,
covidqa-1850-perturbed,minicheck,0.929919,7.7711,
covidqa-462-perturbed,minicheck,0.984038,4.2078,
covidqa-1979-perturbed,minicheck,0.100577,3.6936,
covidqa-1461-perturbed,minicheck,0.030442,4.819,
covidqa-1822-perturbed,minicheck,0.946704,7.2043,
covidqa-1845-perturbed,minicheck,0.031916,7.8235,
covidqa-1992-perturbed,minicheck,0.961527,3.8736,
covidqa-612-perturbed,minicheck,0.091742,6.2394,
covidqa-1808-perturbed,minicheck,0.753134,7.9909,
covidqa-34-perturbed,minicheck,0.098643,4.7736,
covidqa-631-perturbed,minicheck,0.845037,7.0621,
covidqa-1510-perturbed,minicheck,0.251773,13.0889,
covidqa-1960-perturbed,minicheck,0.051396,2.4003,
covidqa-625-perturbed,minicheck,0.534967,6.9368,
covidqa-1841-perturbed,minicheck,0.107759,7.5174,
halueval-6999,minicheck,0.407672,0.6487,
halueval-1150,minicheck,0.322265,0.5211,
halueval-1459,minicheck,0.143526,0.6556,
halueval-4225,minicheck,0.416168,0.3893,
halueval-2440,minicheck,0.163098,0.4608,
halueval-2837,minicheck,0.899466,0.5544,
halueval-1272,minicheck,0.967516,0.4043,
halueval-5775,minicheck,0.012359,0.5802,
halueval-3405,minicheck,0.12972,0.8334,
halueval-5688,minicheck,0.37755,0.3361,
halueval-1290,minicheck,0.1226,0.3919,
halueval-4117,minicheck,0.188331,0.3995,
halueval-7336,minicheck,0.0079,0.4583,
halueval-5070,minicheck,0.928004,0.5275,
halueval-904,minicheck,0.155706,0.5452,
halueval-6887,minicheck,0.948366,0.4251,
halueval-6087,minicheck,0.962042,0.3085,
halueval-3469,minicheck,0.094598,0.3595,
halueval-4816,minicheck,0.741791,0.5149,
halueval-2844,minicheck,0.274754,0.5498,
halueval-4231,minicheck,0.56042,0.4901,
halueval-5931,minicheck,0.958456,0.4403,
halueval-3030,minicheck,0.597531,0.4522,
halueval-3921,minicheck,0.966438,0.3945,
halueval-253,minicheck,0.794592,0.4663,
halueval-3900,minicheck,0.058692,0.4727,
halueval-2849,minicheck,0.249956,0.451,
halueval-2402,minicheck,0.010214,0.3904,
halueval-591,minicheck,0.734464,0.3684,
halueval-1698,minicheck,0.93889,0.4964,
halueval-4700,minicheck,0.060416,0.4896,
halueval-5557,minicheck,0.199612,0.365,
halueval-1642,minicheck,0.167924,0.4077,
halueval-8801,minicheck,0.349727,0.3436,
halueval-7590,minicheck,0.402942,0.4062,
halueval-5420,minicheck,0.076173,0.4977,
halueval-9812,minicheck,0.972083,0.429,
halueval-9332,minicheck,0.040663,0.3471,
halueval-3557,minicheck,0.150072,0.4483,
halueval-8690,minicheck,0.184853,0.4037,
halueval-7537,minicheck,0.013619,0.3813,
halueval-6013,minicheck,0.17769,0.6107,
halueval-8570,minicheck,0.172457,0.6212,
halueval-8083,minicheck,0.020942,0.4082,
halueval-9576,minicheck,0.695187,0.5867,
halueval-7714,minicheck,0.113707,0.7625,
halueval-2362,minicheck,0.098093,0.4135,
halueval-6915,minicheck,0.013166,0.4756,
halueval-7816,minicheck,0.029332,0.3344,
halueval-2085,minicheck,0.06623,0.4717,
halueval-7407,minicheck,0.041758,0.4466,
halueval-9007,minicheck,0.012282,0.4194,
halueval-7578,minicheck,0.012613,0.526,
halueval-8372,minicheck,0.303518,0.4969,
halueval-9060,minicheck,0.023262,0.4181,
halueval-4997,minicheck,0.022121,0.5238,
halueval-5492,minicheck,0.018819,0.616,
halueval-5018,minicheck,0.062437,0.5549,
halueval-4127,minicheck,0.060413,0.3741,
halueval-1138,minicheck,0.015491,0.4487,
halueval-699,minicheck,0.100981,0.3562,
halueval-4629,minicheck,0.017237,0.5466,
halueval-7750,minicheck,0.017293,0.3319,
halueval-7035,minicheck,0.274995,0.3349,
halueval-3935,minicheck,0.103368,0.5075,
halueval-5172,minicheck,0.381816,0.4099,
halueval-3262,minicheck,0.045581,0.4991,
halueval-291,minicheck,0.018785,0.5204,
halueval-3132,minicheck,0.084468,0.3466,
halueval-8696,minicheck,0.016214,0.6873,
halueval-6069,minicheck,0.157486,0.3411,
halueval-7882,minicheck,0.157364,0.4344,
halueval-2977,minicheck,0.679817,0.5256,
halueval-8082,minicheck,0.026766,0.4763,
halueval-3870,minicheck,0.022224,0.6003,
halueval-4309,minicheck,0.013584,0.4559,
halueval-5851,minicheck,0.022353,0.4567,
halueval-2940,minicheck,0.579241,0.6308,
halueval-6910,minicheck,0.038335,0.5494,
halueval-2550,minicheck,0.024099,0.4587,
25985014,minicheck,0.025855,4.3267,
15922431,minicheck,0.023786,4.8989,
25168472,minicheck,0.010786,1.7098,
20543553,minicheck,0.28087,1.9305,
25389071,minicheck,0.170407,4.1683,
24684514,minicheck,0.048481,3.3068,
23539241,minicheck,0.087521,3.5458,
10632523,minicheck,0.188918,4.0063,
8916748,minicheck,0.220102,3.7824,
27433903,minicheck,0.053445,4.8002,
25520328,minicheck,0.126101,4.1984,
25972929,minicheck,0.0259,2.5347,
23432491,minicheck,0.494541,2.9781,
12438463,minicheck,0.012669,4.2255,
24852606,minicheck,0.019924,3.6749,
12665491,minicheck,0.061136,3.8554,
27287412,minicheck,0.243703,3.8841,
17276801,minicheck,0.381741,5.5586,
27832831,minicheck,0.031807,11.1712,
20657867,minicheck,0.043481,2.52,
25244167,minicheck,0.045202,2.8878,
21750159,minicheck,0.328829,4.1238,
27562865,minicheck,0.231734,2.7266,
25166298,minicheck,0.191857,2.47,
24118071,minicheck,0.169613,3.0033,
16500770,minicheck,0.107853,2.3463,
20853437,minicheck,0.027557,4.6764,
16151723,minicheck,0.361045,3.695,
23908246,minicheck,0.039688,2.5946,
25512478,minicheck,0.519058,5.2342,
22576962,minicheck,0.065043,3.6794,
10985887,minicheck,0.013856,4.2106,
21519010,minicheck,0.017773,5.0444,
23726316,minicheck,0.239896,2.3769,
19468252,minicheck,0.191654,2.004,
21705369,minicheck,0.096636,2.7878,
23396543,minicheck,0.058191,2.4807,
26683568,minicheck,0.302269,3.2245,
27122334,minicheck,0.157353,2.3526,
17109070,minicheck,0.047958,5.628,
25394614,minicheck,0.095934,4.2974,
19884690,minicheck,0.007119,3.004,
21900017,minicheck,0.046309,8.4688,
19023201,minicheck,0.049556,1.5836,
25060807,minicheck,0.041293,4.8553,
22186742,minicheck,0.035687,2.6178,
23548791,minicheck,0.223669,2.4314,
21458864,minicheck,0.110233,11.1131,
22236315,minicheck,0.030728,2.6096,
26241525,minicheck,0.031716,2.5536,
25601894,minicheck,0.052611,5.1819,
22015557,minicheck,0.038434,2.0744,
23720114,minicheck,0.055939,1.4472,
15547086,minicheck,0.043193,3.2761,
22914544,minicheck,0.296455,2.2943,
27863293,minicheck,0.036746,2.4484,
22843878,minicheck,0.007502,2.0879,
22758782,minicheck,0.051467,3.2802,
11296674,minicheck,0.020637,1.1794,
15168812,minicheck,0.361509,2.9314,
20976104,minicheck,0.030099,1.5087,
23536185,minicheck,0.03686,0.8929,
18592788,minicheck,0.029002,3.2509,
17390095,minicheck,0.049922,1.8169,
11319879,minicheck,0.078409,4.8458,
22309212,minicheck,0.084594,3.5,
22804760,minicheck,0.083577,2.0751,
23236848,minicheck,0.102499,3.1201,
20117066,minicheck,0.497092,2.4634,
22790511,minicheck,0.055962,2.1359,
10378546,minicheck,0.018484,4.7345,
18222259,minicheck,0.334259,3.3458,
26895708,minicheck,0.04107,2.0247,
22223149,minicheck,0.205013,5.6904,
19606226,minicheck,0.256807,3.4481,
21425514,minicheck,0.100696,2.4237,
10565749,minicheck,0.024883,3.7976,
25062768,minicheck,0.047988,2.5132,
27542917,minicheck,0.061345,3.2078,
24910406,minicheck,0.030009,2.8457,
7d68bc90-8b3d-4fb4-89a8-6a0f125e1286,hhem,0.585752,1.1339,
6efc393a-ece4-47ec-8ba7-fb3a949a1123,hhem,0.324965,0.2648,
3d39df5b-dc6e-4124-86f4-1cd72789f9f1,hhem,0.14123,0.2799,
a159f705-e3e5-4cc4-bb05-b5f50ea140e6,hhem,0.105751,0.4299,
0cb58281-ae66-4b98-9e9e-53c2c1b242bc,hhem,0.322459,0.3647,
18ab4b0e-048c-406d-aa75-e9ffa1029e38,hhem,0.876383,0.4395,
39c7dc77-89fe-4bdf-83a2-dbbb6158d5b7,hhem,0.565218,0.2899,
718dd016-af30-4842-8c6c-8a531a51788d,hhem,0.063645,0.3681,
23338997-d662-4f1e-9c58-db9e606f69cc,hhem,0.198929,0.3436,
aa4a0a92-cc49-421f-a5a7-81f719af955a,hhem,0.017327,0.3518,
39b1772e-28ba-44d4-be18-52f24d87bf09,hhem,0.03985,0.6034,
b8eae226-0994-45c5-ba8c-3720210d6606,hhem,0.353042,0.2255,
853eafe7-2bae-4ba5-adb5-056d1b152d5f,hhem,0.204435,0.3401,
2c1f1be2-3ecb-4695-b1b8-77cdf514d89d,hhem,0.052329,0.4128,
85824081-8228-451e-bdfd-ccf7f2845be7,hhem,0.510272,0.7752,
40755691-5970-4b4b-9b75-61905cc25c92,hhem,0.045905,0.5045,
708405cf-096e-43b3-baa3-0eeeeec1f135,hhem,0.414222,0.1568,
6927db9b-5ecd-4a52-8825-f4cea9c33042,hhem,0.399654,0.1669,
89253786-8426-41c3-8de3-f872fb8ad8ad,hhem,0.404476,0.2464,
632caee3-20af-4b29-824c-29f1fe6e795c,hhem,0.161623,0.6102,
a81ac703-0b94-4b30-8dea-f01fbe39720f,hhem,0.267271,0.1661,
38bd5b19-06b7-4e92-b5dc-c09938fa322e,hhem,0.485653,0.2574,
880733ae-0060-4327-823d-54df82cbd487,hhem,0.151761,0.3076,
55ecf061-868d-4a07-bced-41f971ae1da7,hhem,0.561642,0.3279,
66c9f1ed-da27-479c-b911-3f16d30f8110,hhem,0.358123,0.1825,
5ba6071d-080f-42e8-93f0-81d2d64935fa,hhem,0.624784,0.334,
cb4949ef-661a-4e0d-89af-fd03ef2a8802,hhem,0.478937,0.2075,
38767525-0f78-4622-8609-bcba1e40728b,hhem,0.069297,0.3852,
9a23e3a2-d1d4-46a7-b5ea-57f45850f0e3,hhem,0.043596,0.7825,
bf60aaf7-11d8-4fb4-938c-9eae04393aea,hhem,0.836831,0.2653,
8b86fd00-3c04-4b25-b003-6b33615f4fae,hhem,0.741015,0.5079,
fd03a87a-5be0-415e-8a77-68fdd53652d8,hhem,0.138915,0.2661,
71624cc5-fbbd-46f8-8d62-f82d8f955c7b,hhem,0.505521,0.8102,
34efda51-da96-4fa7-b295-cea1f5070f3e,hhem,0.091753,0.2479,
749f6165-dd38-4ab8-973e-6c70e9131490,hhem,0.104809,0.2382,
43a3d918-2f8f-4b24-9f03-a7052902c8a3,hhem,0.777223,0.3581,
dec4792b-396c-4b42-b5b7-5357313b5e21,hhem,0.11543,0.1793,
f4eb58d7-1f8c-401e-9293-7e1048e1d639,hhem,0.099722,0.1776,
a2ea2d15-157c-495e-8078-7634045e0643,hhem,0.069798,0.4845,
1a4d3f5d-b386-4120-a008-329e68b7ed11,hhem,0.131054,1.0868,
d3fb4c3c-d21b-480a-baa0-98d6d0d17c1d,hhem,0.145297,0.3606,
13b0a833-7a21-4d82-b894-22df69413f28,hhem,0.167693,0.3178,
64712c5c-b2b2-475e-82db-02e0ceea2016,hhem,0.233007,0.3684,
3028fd0b-a28c-4357-b9a6-0599f22acb0e,hhem,0.055997,0.3884,
82c5fa37-c885-4ded-8ba4-08212c028fde,hhem,0.503276,0.3527,
5b3b919d-6895-43ec-a065-6de13ac56e2f,hhem,0.179798,0.2876,
f6453ef5-a88e-4650-a8e8-b1a61eb8ff8a,hhem,0.262349,0.2128,
1e81fe2c-cb65-40a1-85e1-cf6e57cb25a2,hhem,0.317033,0.3842,
169fab50-e3ff-4551-9ac0-18dd659e4250,hhem,0.731224,0.3086,
2fb37b41-5cb1-4cc8-a81b-cd1791b51a48,hhem,0.491532,0.1936,
31ba666f-e627-4bce-bdb7-1d092760b34a,hhem,0.501949,0.5088,
12cf63d0-7a22-4278-a04b-f21097cf1e69,hhem,0.08078,0.3593,
da34b7a7-5189-41e1-80b6-1ab0bc0b8088,hhem,0.467294,0.4791,
c952a52d-9c56-47cf-89a0-8f249a2e4992,hhem,0.129416,0.4228,
70d8f165-c8f9-4e06-b193-91ca17c6df05,hhem,0.279506,0.4124,
382ce603-db05-42d7-8a6a-b6def979ca23,hhem,0.457374,0.2433,
a671f704-7f4d-4524-ac36-f099c4e6f3ee,hhem,0.725324,0.2822,
6bcc8ce2-8447-4dfe-ad8c-2597782d63cd,hhem,0.306013,0.3,
998621b9-8bbd-43ef-a77d-78a2a6dd69b8,hhem,0.532444,0.4666,
5e974684-1e46-4fc2-8523-71845b41626e,hhem,0.366264,0.1913,
7ffd22a7-d24f-4cf3-aa1f-011ceb26a1da,hhem,0.787124,0.4123,
5595edf6-a416-4542-9d4f-8142a302d456,hhem,0.727494,0.4707,
e5aab9fe-011d-4cc2-adeb-d5700922fae9,hhem,0.650275,0.4278,
eb0619e7-625c-4889-81a2-c73abe0082fa,hhem,0.159708,0.3184,
d6c1fa4f-681b-42d0-a715-9d8f0c40e5f1,hhem,0.037776,0.3895,
685f6402-8ef0-45e0-a4f0-801047cbfd20,hhem,0.135546,0.3675,
45e63a38-81fd-4c4d-8e39-e22e7f231e52,hhem,0.251056,0.2775,
eb29dd74-5bee-48e5-b49b-baf3eb79e3b3,hhem,0.35379,0.4153,
90fab8ec-b783-4d9a-a048-0fdb5e8ce325,hhem,0.254881,0.1692,
17f52fd9-807f-4429-804c-0f044cd81319,hhem,0.025052,0.5846,
7ab4c625-3a0f-42ba-b2c8-bad1b8c05556,hhem,0.151595,0.2377,
7efa4c3e-cb74-48dc-a70b-fb658df4c03e,hhem,0.721796,0.6859,
c4d45272-60f7-4728-afee-046c622b97f3,hhem,0.106689,0.2132,
73dccfbd-0ffa-416f-93f0-f2bc4c1e903d,hhem,0.505803,0.2606,
67568761-a7fa-48a7-8c66-401eb023758d,hhem,0.661036,0.3235,
40106f12-5a41-4579-8ffb-9e7635adec83,hhem,0.544861,0.3468,
d65ebdb3-39ce-4deb-9cd4-de9d3809d0b4,hhem,0.2161,0.6088,
9a6b8a94-a504-48b4-9618-cbbe753ffc69,hhem,0.101366,0.234,
7970fc58-d697-47f4-ae28-80f9b3cb9a16,hhem,0.085416,0.2854,
75b16e81-72f5-4b96-802d-e232dead8f98,hhem,0.608955,0.5924,
financebench_id_08130,hhem,0.055016,0.4529,
financebench_id_07585,hhem,0.231284,1.3118,
financebench_id_03603,hhem,0.106591,0.8654,
financebench_id_00731,hhem,0.017341,0.7387,
financebench_id_06974,hhem,0.24172,1.5601,
financebench_id_02751,hhem,0.306473,2.014,
financebench_id_03231,hhem,0.036951,0.7561,
financebench_id_03852,hhem,0.02653,0.6451,
financebench_id_08765,hhem,0.02277,0.5709,
financebench_id_07471,hhem,0.038695,2.7582,
financebench_id_09904,hhem,0.115913,2.3689,
financebench_id_00678,hhem,0.062801,0.3345,
financebench_id_04444,hhem,0.394095,1.2081,
financebench_id_01624,hhem,0.24151,0.348,
financebench_id_04017,hhem,0.076606,1.7054,
financebench_id_05034,hhem,0.20624,1.44,
financebench_id_09864,hhem,0.106334,0.6147,
financebench_id_06444,hhem,0.061537,1.9412,
financebench_id_05185,hhem,0.01659,0.7331,
financebench_id_07299,hhem,0.050256,0.4965,
financebench_id_07707,hhem,0.127812,0.7595,
financebench_id_04750,hhem,0.019097,1.9462,
financebench_id_02902,hhem,0.430063,0.7127,
financebench_id_06390,hhem,0.437542,2.0022,
financebench_id_02978,hhem,0.059876,0.6814,
financebench_id_01791,hhem,0.211444,0.1714,
financebench_id_09566,hhem,0.038653,0.3743,
financebench_id_02170,hhem,0.154646,0.1546,
financebench_id_10227,hhem,0.152436,0.8346,
financebench_id_00785,hhem,0.036933,0.3562,
financebench_id_01440,hhem,0.0269,0.211,
financebench_id_06140,hhem,0.048192,2.054,
financebench_id_06874,hhem,0.024151,0.5621,
financebench_id_09500,hhem,0.019393,0.5203,
financebench_id_09063,hhem,0.452652,0.8037,
financebench_id_02038,hhem,0.931213,0.2104,
financebench_id_00030,hhem,0.515217,0.4985,
financebench_id_03239,hhem,0.11617,1.9219,
financebench_id_04199,hhem,0.104656,2.0217,
financebench_id_02720,hhem,0.099913,2.7781,
financebench_id_04451,hhem,0.586291,1.9377,
financebench_id_01117,hhem,0.489822,0.1866,
financebench_id_09554,hhem,0.036891,2.2669,
financebench_id_01499,hhem,0.551272,0.6142,
financebench_id_04972,hhem,0.585324,1.3094,
financebench_id_08110,hhem,0.342851,1.0096,
financebench_id_03868,hhem,0.135624,0.7479,
financebench_id_08236,hhem,0.151366,0.7885,
financebench_id_01478,hhem,0.69352,0.4239,
financebench_id_01702,hhem,0.330134,0.1453,
financebench_id_03187,hhem,0.311411,1.375,
financebench_id_04620,hhem,0.06522,0.8249,
financebench_id_07559,hhem,0.735267,2.133,
financebench_id_04826,hhem,0.120768,0.5355,
financebench_id_05988,hhem,0.023418,1.1866,
financebench_id_08050,hhem,0.458578,1.4741,
financebench_id_05794,hhem,0.043851,2.1586,
financebench_id_08608,hhem,0.156858,0.6199,
financebench_id_02347,hhem,0.035452,0.3768,
financebench_id_08148,hhem,0.428732,1.2427,
financebench_id_03394,hhem,0.028362,0.5192,
financebench_id_08831,hhem,0.043353,0.537,
financebench_id_00567,hhem,0.099751,0.6521,
financebench_id_03236,hhem,0.124266,0.6654,
financebench_id_03934,hhem,0.019972,0.5135,
financebench_id_05942,hhem,0.031456,2.0562,
financebench_id_01359,hhem,0.15727,0.1707,
financebench_id_00891,hhem,0.298704,0.4493,
financebench_id_06245,hhem,0.071286,0.7603,
financebench_id_03656,hhem,0.078822,0.5695,
financebench_id_06345,hhem,0.06015,0.6144,
financebench_id_05694,hhem,0.023064,0.3583,
financebench_id_08565,hhem,0.164167,1.2285,
financebench_id_07521,hhem,0.624097,4.9374,
financebench_id_10519,hhem,0.082833,1.2606,
financebench_id_02765,hhem,0.056232,1.2467,
financebench_id_09080,hhem,0.055268,1.2136,
financebench_id_02841,hhem,0.127809,0.7361,
financebench_id_01958,hhem,0.20018,0.1477,
financebench_id_02435,hhem,0.339557,4.7434,
12524,hhem,0.876299,0.4934,
12555,hhem,0.894,0.7244,
15007,hhem,0.955227,0.6131,
13041,hhem,0.682716,0.8764,
12244,hhem,0.818637,0.7975,
15460,hhem,0.87627,0.4095,
12554,hhem,0.978518,0.4381,
15774,hhem,0.95689,0.7863,
15463,hhem,0.973987,0.4917,
12622,hhem,0.983326,0.7442,
13039,hhem,0.968956,0.5998,
11909,hhem,0.946872,0.6794,
13131,hhem,0.79079,0.7272,
16118,hhem,0.984605,0.367,
12216,hhem,0.992033,0.4376,
17234,hhem,0.986682,0.4885,
16361,hhem,0.961196,0.3492,
15711,hhem,0.253693,0.7447,
14513,hhem,0.441886,0.4198,
15786,hhem,0.983294,0.5096,
14099,hhem,0.963138,0.4432,
13207,hhem,0.90861,0.6009,
13467,hhem,0.867189,0.7482,
14714,hhem,0.979443,0.4562,
13720,hhem,0.949215,0.9023,
14368,hhem,0.911855,0.8506,
12448,hhem,0.944241,1.0041,
13534,hhem,0.791619,0.5099,
16636,hhem,0.94831,0.6151,
17056,hhem,0.945382,0.7541,
14294,hhem,0.965187,0.4974,
14289,hhem,0.914331,1.0344,
12067,hhem,0.969871,0.459,
14689,hhem,0.941609,0.7774,
15966,hhem,0.978378,0.5817,
14095,hhem,0.927277,0.5811,
16907,hhem,0.841226,0.6762,
16662,hhem,0.954663,0.3628,
14008,hhem,0.155722,0.7455,
15462,hhem,0.972917,0.5927,
13042,hhem,0.380305,0.8379,
13376,hhem,0.705896,0.616,
16155,hhem,0.939745,0.3882,
16898,hhem,0.70209,0.8103,
14133,hhem,0.471447,0.4749,
15273,hhem,0.312433,0.3228,
15971,hhem,0.294564,0.5376,
15011,hhem,0.867584,0.3717,
15465,hhem,0.082383,0.4711,
13107,hhem,0.19827,0.9359,
16511,hhem,0.055653,0.5172,
14378,hhem,0.525607,0.5036,
13363,hhem,0.814056,0.4044,
15129,hhem,0.782164,0.7606,
13105,hhem,0.281259,0.6811,
14859,hhem,0.319223,0.4749,
16798,hhem,0.030348,0.3741,
12692,hhem,0.913144,0.3844,
14765,hhem,0.964614,0.4861,
16421,hhem,0.135676,0.6002,
13469,hhem,0.311322,0.4309,
15716,hhem,0.979586,0.3326,
14381,hhem,0.38929,0.478,
12262,hhem,0.876788,0.4342,
13442,hhem,0.988429,0.3899,
12460,hhem,0.70951,0.4939,
12471,hhem,0.911272,0.9864,
17104,hhem,0.434246,0.6864,
17283,hhem,0.883418,0.5357,
14135,hhem,0.544608,0.3255,
14692,hhem,0.472788,0.7464,
13263,hhem,0.948102,0.4338,
12459,hhem,0.230564,0.3914,
14097,hhem,0.245842,0.3794,
16797,hhem,0.01671,0.3718,
14284,hhem,0.929993,0.4139,
13070,hhem,0.855289,0.5421,
13210,hhem,0.26402,0.4717,
14846,hhem,0.518255,0.5437,
16851,hhem,0.410398,0.5988,
covidqa-24,hhem,0.828203,1.65,
covidqa-2001,hhem,0.947856,1.5327,
covidqa-1991,hhem,0.959306,1.5356,
covidqa-466,hhem,0.985159,1.6838,
covidqa-1997,hhem,0.952388,1.4491,
covidqa-626,hhem,0.950651,3.4,
covidqa-632,hhem,0.932696,3.2856,
covidqa-182,hhem,0.927691,1.301,
covidqa-460,hhem,0.829121,1.5282,
covidqa-1505,hhem,0.823149,2.4384,
covidqa-612,hhem,0.958139,2.9762,
covidqa-1826,hhem,0.952536,3.5315,
covidqa-1816,hhem,0.964041,3.6251,
covidqa-38,hhem,0.887353,2.2963,
covidqa-83,hhem,0.806635,1.2965,
covidqa-1846,hhem,0.945123,3.4973,
covidqa-2002,hhem,0.953726,1.6457,
covidqa-1516,hhem,0.844667,2.5446,
covidqa-637,hhem,0.951085,3.1545,
covidqa-1833,hhem,0.933237,3.6239,
covidqa-35,hhem,0.886895,2.3358,
covidqa-635,hhem,0.955002,3.0839,
covidqa-1811,hhem,0.977064,3.4434,
covidqa-467,hhem,0.92348,1.8912,
covidqa-34,hhem,0.891729,2.2242,
covidqa-1999,hhem,0.945587,1.5875,
covidqa-630,hhem,0.901026,3.1925,
covidqa-468,hhem,0.974773,1.7852,
covidqa-1988,hhem,0.976422,1.6235,
covidqa-373,hhem,0.930607,1.956,
covidqa-622,hhem,0.923504,3.26,
covidqa-1843,hhem,0.923119,3.5387,
covidqa-1512,hhem,0.964976,2.7037,
covidqa-1990,hhem,0.922239,1.5894,
covidqa-621,hhem,0.972233,3.0156,
covidqa-614,hhem,0.93422,2.9344,
covidqa-1852,hhem,0.89873,3.5116,
covidqa-1986,hhem,0.969651,1.6421,
covidqa-1829,hhem,0.968042,3.531,
covidqa-628,hhem,0.972579,3.071,
covidqa-298-perturbed,hhem,0.876813,2.1558,
covidqa-614-perturbed,hhem,0.76868,2.9725,
covidqa-1997-perturbed,hhem,0.960823,1.5471,
covidqa-84-perturbed,hhem,0.577901,1.2844,
covidqa-1854-perturbed,hhem,0.70166,2.7821,
covidqa-1846-perturbed,hhem,0.853929,3.3887,
covidqa-632-perturbed,hhem,0.004355,2.9763,
covidqa-1832-perturbed,hhem,0.946333,3.5579,
covidqa-83-perturbed,hhem,0.719625,1.3643,
covidqa-1844-perturbed,hhem,0.66562,3.3683,
covidqa-624-perturbed,hhem,0.940695,3.193,
covidqa-1815-perturbed,hhem,0.947215,3.5484,
covidqa-1986-perturbed,hhem,0.954442,1.6642,
covidqa-464-perturbed,hhem,0.954581,1.6784,
covidqa-616-perturbed,hhem,0.921931,3.2459,
covidqa-1836-perturbed,hhem,0.914239,3.755,
covidqa-627-perturbed,hhem,0.961361,3.2765,
covidqa-1507-perturbed,hhem,0.674029,2.6392,
covidqa-1988-perturbed,hhem,0.446509,1.6046,
covidqa-1838-perturbed,hhem,0.970179,3.6128,
covidqa-181-perturbed,hhem,0.461179,1.3728,
covidqa-1843-perturbed,hhem,0.901039,3.603,
covidqa-637-perturbed,hhem,0.949913,3.0019,
covidqa-461-perturbed,hhem,0.047191,1.6544,
covidqa-636-perturbed,hhem,0.983217,3.0486,
covidqa-1850-perturbed,hhem,0.873657,3.6175,
covidqa-462-perturbed,hhem,0.04413,1.6805,
covidqa-1979-perturbed,hhem,0.089949,1.5734,
covidqa-1461-perturbed,hhem,0.015849,1.8326,
covidqa-1822-perturbed,hhem,0.916961,3.3708,
covidqa-1845-perturbed,hhem,0.367792,3.3016,
covidqa-1992-perturbed,hhem,0.942976,1.6043,
covidqa-612-perturbed,hhem,0.844638,3.233,
covidqa-1808-perturbed,hhem,0.865028,3.4694,
covidqa-34-perturbed,hhem,0.789577,2.2491,
covidqa-631-perturbed,hhem,0.96566,2.9493,
covidqa-1510-perturbed,hhem,0.960966,2.8124,
covidqa-1960-perturbed,hhem,0.517062,0.7159,
covidqa-625-perturbed,hhem,0.929547,3.0418,
covidqa-1841-perturbed,hhem,0.964101,3.5591,
halueval-6999,hhem,0.977294,0.154,
halueval-1150,hhem,0.830476,0.1205,
halueval-1459,hhem,0.406459,0.1679,
halueval-4225,hhem,0.846291,0.1,
halueval-2440,hhem,0.574039,0.1062,
halueval-2837,hhem,0.772016,0.1312,
halueval-1272,hhem,0.860855,0.096,
halueval-5775,hhem,0.083447,0.1355,
halueval-3405,hhem,0.479935,0.0969,
halueval-5688,hhem,0.789352,0.0794,
halueval-1290,hhem,0.792402,0.09,
halueval-4117,hhem,0.847312,0.0933,
halueval-7336,hhem,0.137137,0.1104,
halueval-5070,hhem,0.947613,0.1213,
halueval-904,hhem,0.625905,0.1228,
halueval-6887,hhem,0.546158,0.173,
halueval-6087,hhem,0.928574,0.076,
halueval-3469,hhem,0.138576,0.088,
halueval-4816,hhem,0.907049,0.1225,
halueval-2844,hhem,0.257381,0.1248,
halueval-4231,hhem,0.794667,0.1185,
halueval-5931,hhem,0.869297,0.0999,
halueval-3030,hhem,0.910333,0.1066,
halueval-3921,hhem,0.66777,0.0924,
halueval-253,hhem,0.907698,0.103,
halueval-3900,hhem,0.660186,0.1082,
halueval-2849,hhem,0.929142,0.1055,
halueval-2402,hhem,0.811337,0.0995,
halueval-591,hhem,0.578206,0.0871,
halueval-1698,hhem,0.88161,0.114,
halueval-4700,hhem,0.53654,0.1151,
halueval-5557,hhem,0.931929,0.088,
halueval-1642,hhem,0.672538,0.0913,
halueval-8801,hhem,0.760469,0.0809,
halueval-7590,hhem,0.916313,0.092,
halueval-5420,hhem,0.819401,0.1119,
halueval-9812,hhem,0.619062,0.102,
halueval-9332,hhem,0.043929,0.0851,
halueval-3557,hhem,0.758515,0.1048,
halueval-8690,hhem,0.606297,0.0986,
halueval-7537,hhem,0.504701,0.0928,
halueval-6013,hhem,0.089601,0.1479,
halueval-8570,hhem,0.9117,0.1403,
halueval-8083,hhem,0.006599,0.0939,
halueval-9576,hhem,0.911473,0.1403,
halueval-7714,hhem,0.03286,0.1791,
halueval-2362,hhem,0.025866,0.1035,
halueval-6915,hhem,0.01111,0.1232,
halueval-7816,hhem,0.636634,0.0807,
halueval-2085,hhem,0.910067,0.1131,
halueval-7407,hhem,0.018983,0.1054,
halueval-9007,hhem,0.031366,0.1003,
halueval-7578,hhem,0.089329,0.1335,
halueval-8372,hhem,0.173187,0.1191,
halueval-9060,hhem,0.148984,0.1016,
halueval-4997,hhem,0.027035,0.1314,
halueval-5492,hhem,0.119897,0.1482,
halueval-5018,hhem,0.842143,0.1293,
halueval-4127,hhem,0.024824,0.0908,
halueval-1138,hhem,0.034854,0.1082,
halueval-699,hhem,0.029201,0.0869,
halueval-4629,hhem,0.021726,0.1276,
halueval-7750,hhem,0.041479,0.0824,
halueval-7035,hhem,0.21873,0.0756,
halueval-3935,hhem,0.756026,0.1201,
halueval-5172,hhem,0.531348,0.1105,
halueval-3262,hhem,0.030624,0.1192,
halueval-291,hhem,0.011043,0.1243,
halueval-3132,hhem,0.023659,0.0928,
halueval-8696,hhem,0.049733,0.1692,
halueval-6069,hhem,0.004138,0.0819,
halueval-7882,hhem,0.989137,0.0998,
halueval-2977,hhem,0.929868,0.1239,
halueval-8082,hhem,0.048994,0.1111,
halueval-3870,hhem,0.129515,0.1414,
halueval-4309,hhem,0.005822,0.1049,
halueval-5851,hhem,0.660914,0.1007,
halueval-2940,hhem,0.907185,0.1434,
halueval-6910,hhem,0.670424,0.126,
halueval-2550,hhem,0.676561,0.102,
25985014,hhem,0.049215,0.2901,
15922431,hhem,0.479819,0.3685,
25168472,hhem,0.016306,0.2153,
20543553,hhem,0.480579,0.2688,
25389071,hhem,0.509356,0.4001,
24684514,hhem,0.549782,0.2993,
23539241,hhem,0.196469,0.4166,
10632523,hhem,0.46761,0.403,
8916748,hhem,0.542973,0.2717,
27433903,hhem,0.057674,0.3791,
25520328,hhem,0.679263,0.376,
25972929,hhem,0.041376,0.3413,
23432491,hhem,0.756913,0.3108,
12438463,hhem,0.016724,0.3389,
24852606,hhem,0.077104,0.3868,
12665491,hhem,0.479244,0.3871,
27287412,hhem,0.048223,0.3917,
17276801,hhem,0.545918,0.4009,
27832831,hhem,0.252755,0.4981,
20657867,hhem,0.272922,0.3454,
25244167,hhem,0.034735,0.2446,
21750159,hhem,0.681891,0.4257,
27562865,hhem,0.508172,0.3838,
25166298,hhem,0.100654,0.4165,
24118071,hhem,0.653218,0.3309,
16500770,hhem,0.073568,0.2473,
20853437,hhem,0.598296,0.4189,
16151723,hhem,0.137735,0.3619,
23908246,hhem,0.753169,0.3881,
25512478,hhem,0.742991,0.4705,
22576962,hhem,0.221174,0.3988,
10985887,hhem,0.06044,0.3776,
21519010,hhem,0.047372,0.3444,
23726316,hhem,0.380476,0.3864,
19468252,hhem,0.00957,0.2768,
21705369,hhem,0.130586,0.4273,
23396543,hhem,0.175434,0.2362,
26683568,hhem,0.676395,0.3028,
27122334,hhem,0.608021,0.3234,
17109070,hhem,0.370689,0.4749,
25394614,hhem,0.399113,0.291,
19884690,hhem,0.01197,0.291,
21900017,hhem,0.407182,0.602,
19023201,hhem,0.111195,0.2145,
25060807,hhem,0.331191,0.4439,
22186742,hhem,0.270793,0.2587,
23548791,hhem,0.422228,0.3422,
21458864,hhem,0.046499,0.5517,
22236315,hhem,0.117963,0.241,
26241525,hhem,0.25681,0.3518,
25601894,hhem,0.332582,0.4466,
22015557,hhem,0.12626,0.2889,
23720114,hhem,0.091937,0.1782,
15547086,hhem,0.028643,0.3137,
22914544,hhem,0.551931,0.3452,
27863293,hhem,0.24454,0.3658,
22843878,hhem,0.058027,0.2211,
22758782,hhem,0.333257,0.3298,
11296674,hhem,0.026521,0.1145,
15168812,hhem,0.057568,0.2809,
20976104,hhem,0.248572,0.1978,
23536185,hhem,0.024709,0.1249,
18592788,hhem,0.027039,0.3428,
17390095,hhem,0.455496,0.2644,
11319879,hhem,0.072787,0.3961,
22309212,hhem,0.320216,0.3696,
22804760,hhem,0.525961,0.3145,
23236848,hhem,0.261354,0.3167,
20117066,hhem,0.922944,0.3207,
22790511,hhem,0.41271,0.2932,
10378546,hhem,0.022884,0.3406,
18222259,hhem,0.800662,0.288,
26895708,hhem,0.376843,0.2938,
22223149,hhem,0.028234,0.5029,
19606226,hhem,0.482659,0.366,
21425514,hhem,0.685416,0.3248,
10565749,hhem,0.028738,0.2964,
25062768,hhem,0.20625,0.3529,
27542917,hhem,0.861014,0.3187,
24910406,hhem,0.070467,0.2785,
